{"cameraMode":{"drawMode":0,"name":"Shaded","section":"Shading Mode"},"sceneLighting":true,"audioPlay":false,"sceneViewState":{"m_AlwaysRefresh":false,"showFog":true,"showSkybox":true,"showFlares":true,"showImageEffects":true,"showParticleSystems":true,"showVisualEffectGraphs":true,"m_FxEnabled":true},"in2DMode":false,"pivot":{"x":-3.810624599456787,"y":0.7496114373207092,"z":-4.085532188415527},"rotation":{"x":-0.11361419409513474,"y":0.11931268125772476,"z":-0.013730094768106938,"w":-0.9863131642341614},"size":0.07648184150457382,"orthographic":false}